Model,Train_R2,Test_R2,Test_MAE,Test_RMSE,Overfit_Gap
Lasso,0.9992328461449947,0.9969820236720618,9977.129402035596,18743.78140553422,0.0022508224729329562
XGBoost,0.9999984406068863,0.9711903031918112,35875.342741935485,57912.010209854096,0.02880813741507504
Panel FE Full,0.9995672591783687,0.9500415360446579,69440.01311246346,76261.23510991436,0.04952572313371084
Random Forest,0.9745179320907407,0.8962645616641052,51466.802870087595,109891.1882652665,0.0782533704266355
Panel FE Macro,0.9383839894795512,0.7601901122086102,149747.2556598389,166430.88269403606,0.17819387727094094
Ridge,0.8290535304197567,0.6451110621108296,143327.4741925353,203257.00757449446,0.18394246830892713
OLS Baseline,-18.057164493251676,-19.82056985965567,1513067.984375,1550767.4601425026,1.763405366403994
