Model,Train_R2,Test_R2,Test_MAE,Test_RMSE,Overfit_Gap
XGBoost,0.9999996752008031,0.8341855550130719,119224.43198529411,145972.56454665525,0.16581412018773123
Random Forest,0.8593675651225169,0.6933757503601492,142937.45040293902,198501.2776759082,0.16599181476236768
Lasso,0.8482937543094513,0.6792885904952346,154513.08939732602,203009.92115348094,0.1690051638142167
Panel FE Macro,0.9864052082452456,0.42727240237672237,126333.91435227128,260412.64730529653,0.5591328058685232
OLS Baseline,0.3514201974986856,0.1827552493491743,256949.42178302174,311074.26742630213,0.16866494814951127
Panel FE Full,0.9983324056258789,-21.033540887405923,1674846.693976898,1682682.6050702613,22.0318732930318
