Model,Train_R2,Test_R2,Test_MAE,Test_RMSE,Overfit_Gap
XGBoost,0.9999999473424759,0.8611468143858518,108566.48897058824,133578.93642998024,0.13885313295662405
Ridge,0.9857334712505614,0.7643662476835048,145321.00993882128,174011.84304299188,0.22136722356705663
Random Forest,0.8855901207729713,0.722382442700485,136026.38429456943,188878.9333919557,0.16320767807248626
Panel FE Macro,0.9864052082452456,0.42727240237672237,126333.91435227128,260412.64730529653,0.5591328058685232
Lasso,0.935601890607676,0.33638063407436136,253250.9519234905,292024.6976145735,0.5992212565333146
OLS Baseline,0.3514201974986856,0.1827552493491743,256949.42178302174,311074.26742630213,0.16866494814951127
Panel FE Full,0.9987772464815785,-23.630001083220307,1766888.5582534098,1779066.8719703937,24.628778329701884
